{
    "0x3c2bbb353b48d54b619db8ac6aa642627fb800e3": 1.001285635105977,
    "0xd6419fd982a7651a12a757ca7cd96b969d180330": 1.0015268202392598,
    "0xf134fdd0bbce951e963d5bc5b0ffe445c9b6c5c6": 1.0018422599192423,
    "0xd902a3bedebad8bead116e8596497cf7d9f45da2": 1.0009972575698256,
    "0x54a2c35d689f4314fa70dd018ea0a84c74506925": 1.001545526810645,
    "0xa7120893283cc2aba8155d6b9887bf228a8a86d2": 1.0016396045328486,
    "0xcfbd9eeac76798571ed96ed60ca34df35f29ea8d": 1.0014370471409055,
    "0x69fe7813f804a11e2fd279eba5dc1ecf6d6bf73b": 1.0045909696845097,
    "0x35952c82e146da5251f2f822d7b679f34ffa71d3": 1.0007569482923606,
    "0xbb4755673e9df77f1af82f448d2b09f241752c05": 1.0041342481883748,
    "0x5c767dbf81ec894b2d70f2aa9e45a54692d0d7eb": 1.00852138143349,
    "0x8fc4c0566606aa0c715989928c12ce254f8e1228": 1.0162155951918204,
    "0x6d0eb60d814a21e2bed483c71879777c9217aa28": 1.001791459978326,
    "0x37ef9c13faa609d5eee21f84e4c6c7bf62e4002e": 1.020163846688574,
    "0x8c5cecc9abd8503d167e6a7f2862874b6193e6e4": 1.0057947201795832,
    "0x9d9c28f39696ce0ebc42ababd875977060e7afa1": 1.5160453038367196,
    "0x795d3655d0d7ecbf26dd33b1a7676017bb0ee611": 1.0362895914398498,
    "0x1001ec1b6fc2438e8be6ffa338d3380237c0399a": 1.1511160089696055
}